<xml xmlns:o="urn:schemas-microsoft-com:office:office">
 <o:MainFile HRef="../index.html"/>
 <o:File HRef="item0001.xml"/>
 <o:File HRef="props002.xml"/>
 <o:File HRef="item0003.xml"/>
 <o:File HRef="props004.xml"/>
 <o:File HRef="item0005.xml"/>
 <o:File HRef="props006.xml"/>
 <o:File HRef="themedata.thmx"/>
 <o:File HRef="image001.jpg"/>
 <o:File HRef="image002.png"/>
 <o:File HRef="image003.jpg"/>
 <o:File HRef="image004.png"/>
 <o:File HRef="image005.jpg"/>
 <o:File HRef="image006.png"/>
 <o:File HRef="image007.png"/>
 <o:File HRef="image008.png"/>
 <o:File HRef="image009.png"/>
 <o:File HRef="image010.png"/>
 <o:File HRef="image011.jpg"/>
 <o:File HRef="image012.png"/>
 <o:File HRef="header.html"/>
 <o:File HRef="filelist.xml"/>
</xml>